Product Name,Price,Rating
Lenovo 23.8 inch Full HD VA Panel Monitor (L24e-20),"₹8,999",4.5
Lenovo 23.8 inch Full HD IPS Panel Monitor (L24i-10),"₹9,899",4.5
Dell 19.5 inch HD Monitor (D2020H),"₹5,399",4.4
Acer 19.5 inch HD LED Backlit TN Panel Monitor (V206HQL),"₹5,399",4.3
Dell 18.5 inch HD LED Backlit TN Panel Monitor (D1918H),"₹5,299",4.3
Acer 23.8 inch Full HD LCD with LED Backlit IPS Panel Monitor,"₹7,349",4.4
LG 22 inch Full HD LED Backlit IPS Panel Monitor (22MP68VQ),"₹8,329",4.5
Lenovo 21.5 inch Full HD VA Panel Monitor (L22e-20),"₹6,999",4.4
BenQ 22 inch Full HD LED Backlit IPS Panel Monitor (GW2283),"₹8,250",4.5
Dell 23.8 inch Full HD LED Backlit IPS Panel Monitor (P2419H),"₹12,699",4.6
Samsung 23.8 inch Curved Full HD LED Backlit VA Panel Monitor (LC24F390FHWXXL),"₹9,415",4.5
HP 21.5 inch Full HD LED Backlit TN Panel Monitor (22YH),"₹6,467",4.2
Acer 21.5 inch Full HD LED Backlit VA Panel Gaming Monitor (QG221Q),"₹7,899",4.5
Lenovo 27 inch Full HD VA Panel Monitor (D27-30),"₹13,099",4
Zebronics 19.5 inch HD+ Monitor (Zeb-A20HD LED),"₹4,549",4
Lenovo 23.8 inch Full HD IPS Panel Monitor (Q24i-10),"₹11,999",4.5
BenQ 24 inch Full HD LED Backlit IPS Panel Monitor (GW2480),"₹9,990",4.5
HP 23.8 inch Full HD LED Backlit IPS Panel Monitor (24es),"₹12,749",4.5
HP 21.5 inch Full HD LED Backlit IPS Panel Gaming Monitor (22F),"₹9,799",4.5
Lenovo 23.6 inch Full HD TN Panel Gaming Monitor (D24-10),"₹7,499",4.2
Dell 22 inch Full HD IPS Panel Monitor (SE2219HX),"₹8,599",4.4
Lenovo 23.8 inch Full HD VA Panel Monitor (D24-20),"₹8,099",4.5
Zebronics 23.8 inch Full HD Monitor (Zeb-A24FHD LED),"₹8,499",4.4
HP 23.8 inch Full HD LED Backlit IPS Panel Monitor (24FW),"₹13,199",4.5
HP 23.8 inch Full HD LED Backlit IPS Panel Monitor (24m),"₹9,999",4.6
LG 24 inch Full HD LED Backlit IPS Panel Monitor (24MP88HV-SB.ATRLMVN),"₹13,399",4.4
LG 18.5 inches HD LED Backlit TN Panel Monitor (19M38AB),"₹4,999",4.3
Dell 22 inch Full HD TN Panel Monitor (E2218HN),"₹7,900",4.4
Acer 23.8 inch Full HD IPS Panel Monitor (HA240Y),"₹9,799",4.5
Acer 23.8 inch Full HD LED Backlit IPS Panel Gaming Monitor (VG240YS),"₹12,699",4.5
HP 21.5 inch Full HD IPS Panel Monitor (22m),"₹9,699",4.5
LG 24 inch Full HD LED Backlit IPS Panel Gaming Monitor (24MP59G),"₹9,299",4.4
Acer 21.5 inch Full HD IPS Panel Monitor (ET221Q),"₹7,431",4.4
Acer 23.6 inch Curved Full HD LED Backlit VA Panel Monitor (ED242QR),"₹9,309",4.5
Lenovo 23.8 inch Full HD VA Panel Monitor (L24e-20),"₹8,999",4.5
BenQ 27 inch Full HD LED Backlit IPS Panel Monitor (GW2780),"₹14,499",4.5
LG 24 inch Full HD LED Backlit IPS Panel Monitor (24MK600M),"₹10,999",4.4
Dell 23.8 inch Full HD LED Backlit IPS Panel Monitor (E Series E2421HN 24-inch (60.45 cm) Screen Full ...,"₹8,999",4.2
Samsung 24 inch Full HD LED Backlit IPS Panel Monitor (LS24R350FHEXXS),"₹10,449",4.2
HP 24 inch Full HD IPS Panel Gaming Monitor (24F),"₹12,999",4.5
BenQ 23.8 inch Full HD LED Backlit IPS Panel Monitor (GW2480T),"₹12,490",4.6
Acer 27 inch Full HD IPS Panel Monitor (HA270),"₹13,033",4.5
Samsung 27 inch Curved Full HD LED Backlit VA Panel Gaming Monitor (LC27T550FDWXXL),"₹19,150",No Ratings
Acer 27 inch Full HD LED Backlit TN Panel Gaming Monitor (KG271P),"₹14,399",4.8
Lenovo 23.6 inch Full HD TN Panel Gaming Monitor (D24-10),"₹7,499",4.2
Lenovo 23.8 inch Full HD IPS Panel Monitor (L24i-10),"₹9,899",4.5
Zebronics 15.4 inch HD Monitor (Zebster 15.4 LED Monitor),"₹2,989",3.9
Acer 27 inch WQHD IPS Panel Gaming Monitor (XB271HU),"₹41,150",4.6
Enter 15.4 inch HD Monitor (E-M16HB),"₹3,443",No Ratings
Asus 21.5 inch Full HD LED Backlit IPS Panel Monitor (VZ229),"₹9,899",No Ratings
HP 21.5 inch Full HD LED Backlit IPS Panel Monitor (22fw),"₹9,699",No Ratings
Dell 24 inch Full HD LED Backlit IPS Panel Monitor (24 inch (60.45 cm) Full HD (1920 x 1080) Ultra Thi...,"₹10,945",No Ratings
Acer 27 inch Curved Full HD LED Backlit VA Panel Monitor (ED273),"₹14,149",No Ratings
BenQ 23.8 inch Full HD LED Backlit IPS Panel Monitor (GW2475H),"₹8,990",No Ratings
"LAPCARE 15.4 inch HD Monitor (15.4 inch HD Monitor (15.4"" Slim 720p HD LED Backlit Computer Monitor (V...","₹3,325",No Ratings
HP 22 inch Full HD TN Panel Monitor (22y),"₹6,499",No Ratings
Dell 21.5 inch HD LED Backlit IPS Panel Monitor (P2219H),"₹11,731",No Ratings
Lenovo 27 inch Full HD VA Panel Monitor (D27-30),"₹13,099",No Ratings
BenQ 23.8 inch Full HD LED Backlit IPS Panel Monitor (EW2480),"₹12,790",No Ratings
HP 23.8 inch HD+ Gaming Monitor (E243),"₹16,990",No Ratings
Dell 24 inch Full HD IPS Panel Monitor (E2420HS),"₹10,299",No Ratings
Acer 23.8 inch Full HD LED Backlit IPS Panel Monitor (SA240Y),"₹8,799",No Ratings
Dell 24 inch WUXGA LED Backlit IPS Panel Monitor (U2415),"₹18,999",No Ratings
Acer 27 inch Full HD LED Backlit VA Panel Gaming Monitor (QG271),"₹11,099",No Ratings
Frontech 17 inch HD Monitor (1995),"₹3,499",No Ratings
Acer 27 inch Full HD TN Panel Gaming Monitor (KG271),"₹15,679",No Ratings
LG 18.5 inch HD TN Panel Monitor (19M38A),"₹5,990",No Ratings
Acer 23.8 inch Full HD LED Backlit IPS Panel Monitor (RT240Y),"₹9,599",No Ratings
"AOC 24 inch Full HD Monitor (24B2XH 24"" Full HD Monitor, & Ultra Slim HDMI and VGA inputs, Lowblue Mod...","₹9,499",No Ratings
Frontech 17.1 inch WSVGA Monitor (JIL 1985),"₹3,945",No Ratings
Frontech 19 inch HD LED Backlit Monitor (JIL-1984),"₹4,770",No Ratings
BenQ 27 inch Quad HD LED Backlit IPS Panel Monitor (EW2780Q),"₹24,990",No Ratings
Acer 23.6 inch Full HD LED Backlit TN Panel Gaming Monitor (KG241QS),"₹11,499",No Ratings
Samsung 28 inch 4K Ultra HD LED Backlit IPS Panel Gaming Monitor (LU28R550UQWXXL),"₹28,775",No Ratings
Acer 27 inch Full HD LED Backlit IPS Panel Gaming Monitor (VG270),"₹16,659",4.6
enter 15.4 inch HD Monitor (e-m16a),"₹3,188",4
Dell 21.5 inch HD Monitor (E2216HV),"₹7,699",3.7
"Asus 21.5 inch Full HD Gaming Monitor (VP228HE Gaming Monitor FHD (1920x1080) , 1ms, Low Blue Light, F...","₹9,490",4.9
Acer 23.6 inch Full HD LED Backlit TN Panel Gaming Monitor (KG241QP),"₹12,249",4.5
"Dell 24 inch Full HD LED Backlit IPS Panel Monitor (24 INCH FULL HD IPS PANEL MONITOR , HDMI & VGA CON...","₹9,500",No Ratings
Lenovo 21.5 inch Full HD TN Panel Monitor (LI2215sD),"₹6,999",4.7
enter 15.4 inch HD LED Backlit Monitor (E-M16B),"₹3,299",4
Acer 21.5 inch Full HD IPS Panel Monitor (B227Q),"₹11,073",4.6
Asus 15.6 inch HD LED Backlit TN Panel Monitor (Single USB-Powered Portable MB168B),"₹16,499",4.7
Lenovo 24.5 inch Full HD TN Panel Gaming Monitor (Y25f-10),"₹19,299",No Ratings
Asus 24 inch Full HD TN Panel Gaming Monitor (VG248QE),"₹18,799",4.7
"LG 24 inch Full HD TN Panel Gaming Monitor (Ultragear 144Hz, 1ms Full HD Gaming Monitor with Radeon Fr...","₹15,799",4.1
Enter 15.4 inch HD LED Backlit Monitor (E-M16HA),"₹4,495",4.4
Acer 24 inch Full HD LED Backlit TN Panel Gaming Monitor (xb241h),"₹29,599",4.1
Samsung 32 inch 4K Ultra HD LED Backlit VA Panel Gaming Monitor (LU32J590UQWXXL),"₹31,250",No Ratings
Acer 28 inch 4K Ultra HD TN Panel Gaming Monitor (KG281K),"₹21,853",4.2
Samsung 23.8 inch Full HD LED Backlit IPS Panel Monitor (LS24R350FHWXXl),"₹10,445",4.8
Consistent 20 inch Full HD Monitor (CTM2001),"₹4,700",4.2
Dell 18.5 inch HD TN Panel Monitor (D1918H),"₹5,950",4.3
Acer 23.8 inch Full HD LED Backlit IPS Panel Gaming Monitor (VG240Y),"₹13,499",4.4
LG 21.5 inch Full HD IPS Panel Monitor (22MK600M),"₹11,000",4.4
LG 20 inch HD TN Panel Monitor (20MK400A),"₹6,999",4.2
BenQ 24.5 inch Full HD LED Backlit IPS Panel Gaming Monitor (EX2510),"₹20,990",No Ratings
LG 32 inch Quad HD Gaming Monitor (Ultragear 32 Inch QHD),"₹60,000",No Ratings
BenQ 24 inch Full HD LED Backlit TN Panel Gaming Monitor (XL2411K),"₹18,500",No Ratings
BenQ 24.5 inch Full HD LED Backlit TN Panel Gaming Monitor (XL2546K),"₹37,990",No Ratings
lg 25 inch Full HD Gaming Monitor (25 inch LED Backlit IPS Panel Monitor (25UM58-P .ATR)),"₹16,500",No Ratings
Dell 27 inch Full HD LED Backlit IPS Panel Monitor (SE2717H),"₹18,100",4.3
Samsung 26.5 inch Curved Full HD LED Backlit VA Panel Monitor (LC27F390FHWXXL),"₹14,499",4.5
Samsung 27 inch Curved Full HD VA Panel Gaming Monitor (LC27R500FHWXXL),"₹14,845",No Ratings
HP 23.8 inch Full HD LED Backlit IPS Panel Monitor (24fw),"₹12,499",4.1
HP 23.8 inch Full HD LED Backlit IPS Panel Monitor (24y),"₹9,199",4.6
BenQ 27 inch Full HD LED Backlit Monitor (EW2780),"₹16,990",No Ratings
Dell 18.5 inch HD LED Backlit TN Panel Monitor (E1916HV),"₹6,300",4.3
Acer 27 inch Curved Full HD LED Backlit VA Panel Gaming Monitor (ED270RP),"₹13,549",3.3
Lenovo 23.8 inch Full HD IPS Panel Monitor (T24i-20),"₹13,599",4.6
Samsung 24 inch Curved Full HD VA Panel Monitor (24 inch Curved Monitor),"₹9,785",4.3
BenQ 27.9 inch 4K Ultra HD LED Backlit TN Panel Monitor (EL2870U),"₹22,990",3.6
Lenovo 27 inch WQHD Monitor (Q27q-10),"₹24,699",No Ratings
LG 27 inch Full HD Gaming Monitor (27MK400H),"₹12,999",4.2
Samsung 24 inch Full HD IPS Panel Monitor (LF24T352FHWXXL),"₹9,985",4.3
Asus 27 inch Full HD Gaming Monitor (VG27AQL1A),"₹47,500",No Ratings
Acer 27 inch 4K Ultra HD LED Backlit IPS Panel Gaming Monitor (XV273K),"₹54,999",No Ratings
HP 27 inch Full HD LED Backlit IPS Panel Monitor (27m),"₹16,199",4.5
BenQ 24 inch Full HD TN Panel Gaming Monitor (XL2411P),"₹16,990",4.5
HP 19.5 inch HD+ LED Backlit TN Panel Monitor (P204V),"₹6,690",4.4
HP 23.8 inch Full HD LED Backlit IPS Panel Monitor (24 mh),"₹12,139",4.2
Dell 22 inch HD Monitor (P2217),"₹8,799",4.3
Acer 21.5 inch Full HD TN Panel Monitor (K222HQL),"₹6,999",4.2
Lenovo 31.5 inch WQHD IPS Panel Monitor (D32q-20),"₹20,529",4.3
Dell 18.5 inch HD LED Backlit TN Panel Monitor (E1916HV),"₹6,300",4.3
Dell 27 inch Full HD Monitor (E2720HS),"₹15,799",No Ratings
HP 23.8 inch Full HD LED Backlit TN Panel Gaming Monitor (24X),"₹16,659",4.2
Lenovo 27 inch Full HD IPS Panel Monitor (D27-20),"₹12,499",4.5
Enter 15.4 inch HD LED Backlit Monitor (E-MO-A07),"₹3,133",No Ratings
"AOC 23.6 inch Curved Full HD Gaming Monitor (23.6-inch Curved Gaming LED Monitor with VGA Port, HDMI*2...","₹18,999",4.4
ViewSonic 24 inch Full HD LED Backlit IPS Panel Gaming Monitor (XG2405),"₹17,399",5
HP 23.6 inch Curved Full HD LED Backlit VA Panel Monitor (X24c),"₹16,099",No Ratings
zebion 15.1 inch HD Monitor (ENLIVEN SPLAY),"₹3,100",3.4
"Dell 27 inch Full HD LED Backlit IPS Panel Gaming Monitor (27 INCH Ultra Thin Bezel - IPS Panel, Dual ...","₹14,900",No Ratings
ENTER 15.4 inch HD Monitor (E-M16HB),"₹3,290",3.5
HP 27 inch Full HD LED Backlit IPS Panel Monitor (27y),"₹16,079",No Ratings
ENTER 18.5 inch HD LED Backlit Monitor (E-M0-A03),"₹4,099",No Ratings
Asus 24.5 inch Full HD LED Backlit IPS Panel Gaming Monitor (VG259Q),"₹32,000",5
BenQ 25 inch Quad HD Monitor (PD2500Q),"₹24,990",No Ratings
Lenovo 24.5 Inch Full HD TN Panel Gaming Monitor (G25-10),"₹16,990",4.4
"LG 24 inch 4K Ultra HD LED Backlit IPS Panel Monitor (24UD58-B 24"" 4K UHD)","₹24,490",No Ratings
HP 23.8 inch Full HD LED Backlit IPS Panel Gaming Monitor (Envy 24),"₹25,130",4.3
Zebronics 18.5 inch HD LED Backlit TN Panel Monitor (A19HD),"₹4,389",4
BenQ 27 inch WQHD LED Backlit IPS Panel Gaming Monitor (EX2780Q),"₹35,990",No Ratings
Samsung 27 inch Full HD LED Backlit IPS Panel Monitor (LF27T352FHWXXL),"₹16,795",No Ratings
"Dell 24 inch Full HD LED Backlit Monitor ((Ultra Thin Bezel- HDMI x 2 Ports, 75 Hz Refresh Rate & AMD ...","₹11,250",No Ratings
ViewSonic 24 inch Full HD LED Backlit TN Panel Monitor (VA2407H),"₹7,999",4
Asus 21.5 inch Full HD LED Backlit IPS Panel Monitor (VZ229H),"₹12,990",No Ratings
Samsung 24 inch Curved Full HD LED Backlit VA Panel Gaming Monitor (LC24RG50FQWXXL),"₹14,698",4.5
HP 24.5 inch Full HD LED Backlit TN Panel Gaming Monitor (25 X Display Monitor),"₹22,419",No Ratings
LG 25 inch LED Backlit IPS Panel Monitor (25UM58-P .ATR),"₹15,674",4.3
Acer 31.5 inch Curved Full HD VA Panel Monitor (ED322Q),"₹15,679",4.3
Zebronics 18.5 inch HD LED Backlit TN Panel Monitor (A19HD),"₹4,389",4
Samsung 23.5 inch Full HD AHVA Panel Monitor (LS24F356FHUXXL),"₹9,985",4.3
Lenovo 21.5 inch Full HD TN Panel Monitor (D22-20),"₹6,799",4.3
Lilliput 7 inch HD Monitor (FS7),"₹22,990",No Ratings
Acer 27 inch Full HD LED Backlit IPS Panel Gaming Monitor (XV272U),"₹25,999",5
HP 27 inch Full HD LED Backlit TN Panel Gaming Monitor (27 X Display Monitor),"₹22,990",4.6
Samsung 27 inch Curved Full HD LED Backlit VA Panel Monitor (LC27FG73FQWXXL),"₹28,715",5
Asus 27 inch Full HD LED Backlit IPS Panel Gaming Monitor (VG279QM),"₹33,425",No Ratings
Acer 80 cm WQHD LED Backlit IPS Panel Monitor (EB321HQU Cbidpx),"₹16,659",4.9
HP 27 inch 4K Ultra HD LED Backlit IPS Panel Gaming Monitor (Envy 27s),"₹40,186",3
Acer 27 inch WQHD LED Backlit IPS Panel Gaming Monitor (VG271U),"₹45,000",4.9
LG 21.5 inch Full HD LED Backlit TN Panel Monitor (22M38H-B),"₹6,932",4.1
LG 24 inch Full HD Gaming Monitor (24MP59G-P),"₹10,250",No Ratings
Asus 28 inch 4K Ultra HD LED Backlit TN Panel Monitor (PB287Q),"₹34,999",4
"Gigabyte 27 inch Curved Full HD Gaming Monitor (165Hz 1080P 1500R FreeSync Gaming Monitor, Exclusive B...","₹29,999",No Ratings
AOC 24 inch Full HD LED Backlit IPS Panel Monitor (24V2Q),"₹11,999",No Ratings
BenQ 24 inch Full HD TN Panel Gaming Monitor (RL2455),"₹15,000",3.5
Acer 31.5 inch Full HD LED Backlit IPS Panel Monitor (EB321HQ),"₹13,719",4.1
Samsung 23.6 inch Curved Full HD VA Panel Monitor (LC24F390FHWXXL),"₹9,999",4.3
LG 24 inch Full HD LED Backlit TN Panel Monitor (24M38H-B.ATR),"₹9,045",4
HP 24.5 inch Full HD LED Backlit TN Panel Gaming Monitor (Omen 25),"₹20,999",4.8
"Dell 24 inch Full HD LED Backlit IPS Panel Monitor (Professional Series P2419HC 23.8"" Monitor with USB...","₹18,750",No Ratings
BenQ 23.8 inch HD LED Backlit Monitor (BL2420PT),"₹21,890",No Ratings
Samsung 22 inch Full HD LED Backlit IPS Panel Monitor (LF22T350FHWXXL),"₹8,395",4.1
Acer 27 inch Full HD TN Panel Gaming Monitor (KG271),"₹15,499",4
Asus 21.5 inch Full HD TN Panel Gaming Monitor (VP228H),"₹8,799",4.4
LG 31.5 inch Full HD LED Backlit IPS Panel Monitor (32MN58HM),"₹15,189",4.5
ViewSonic 21.5 inch Full HD LED Backlit IPS Panel Monitor (VA2256H),"₹7,999",No Ratings
Dell 22 inch Full HD Monitor (P2219HC),"₹12,499",No Ratings
Asus 24.5 inch Full HD LED Backlit TN Panel Gaming Monitor (VG258QR),"₹25,990",3.9
Frontech 18.5 inch HD LED Backlit Monitor (JIL 1988),"₹4,575",No Ratings
Dell 24 inch Full HD TN Panel Gaming Monitor (SE2417HGX),"₹13,899",No Ratings
AOC 27 inch Full HD Monitor (27B2H),"₹14,995",No Ratings
Dell 27 inch Full HD Monitor (SE2719HR),"₹15,966",No Ratings
ViewSonic 23.8 inch Full HD LED Backlit IPS Panel Monitor (VA2419SH),"₹9,500",5
HP 21.5 inch Full HD LED Backlit IPS Panel Monitor (22es),"₹9,550",4.6
ViewSonic 23.8 inch Full HD LED Backlit IPS Panel Monitor (VA2418-SH),"₹8,599",No Ratings
Samsung 26.5 inch Curved Full HD VA Panel Monitor (LC27F390FHWXXL),"₹14,640",4.7
Philips 22 inch Full HD Monitor (v line),"₹9,800",3.7
Acer 31.5 inch 4K Ultra HD VA Panel Gaming Monitor (ET322QK),"₹35,999",4.2
Asus 23.8 inch Full HD LED Backlit IPS Panel Gaming Monitor (VA24EHE),"₹12,300",4.8
Acer 27 inch Curved Full HD LED Backlit VA Panel Monitor (ED273 wmidx),"₹15,999",No Ratings
AOC 24 inch Full HD Monitor (24P1),"₹13,499",No Ratings
ViewSonic 24 inch Full HD LED Backlit TN Panel Gaming Monitor (VX2457-mhd),"₹9,599",No Ratings
Asus 23.8 inch Full HD LED Backlit IPS Panel Monitor (VZ249),"₹12,693",4.4
BenQ 27 inch Full HD LED Backlit IPS Panel Monitor (GW2780T),"₹17,490",No Ratings
AOC 18.5 inch HD LED Backlit TN Panel Monitor (e970Swnl),"₹4,585",4.1
Angel 32 inch Curved HD LED Backlit Monitor (32 inch Smart Curved TV + Monitor),"₹14,799",No Ratings
Dell 24 inch Full HD LED Backlit IPS Panel Monitor (E2418HN),"₹11,900",4.3
Acer 27 inch Full HD LED Backlit VA Panel Gaming Monitor (QG271),"₹14,999",No Ratings
LG 27 inch Full HD Gaming Monitor (Ultragear 27 Inch IPS FHD Gaming Monitor),"₹32,000",No Ratings
Samsung 32 inch Curved 4K Ultra HD LED Backlit VA Panel Gaming Monitor (LU32R590CWWXXL),"₹39,958",No Ratings
REES52 7 inch HD Monitor (HDMI TFT LCD Display Monitor 7 inch 1024X600 HD Screen Touch Function Raspbe...,"₹5,500",No Ratings
AOC 24 inch Full HD Monitor (24B1XHS),"₹10,450",4.2
HP 18.5 inch HD LED Backlit TN Panel Monitor (19KA),"₹6,299",4.3
LG 18.5 inch HD LED Backlit TN Panel Monitor (19M38HB- BB),"₹6,200",4.1
LG 23.5 inch Full HD TN Panel Monitor (24M38H),"₹9,339",3.9
BenQ 23.8 inch Full HD LED Backlit IPS Panel Monitor (BL2420PT),"₹20,990",5
Lilliput 5 inch HD Monitor (A5),"₹13,490",No Ratings
Samsung 26.5 inch Curved Full HD VA Panel Monitor (LC27F390FHWXXL),"₹14,465",4.5
Dell U2414H 23.8 inch LCD Monitor,"₹23,890",4.6
Samsung 49 inch Full HD Monitor (PM49F),"₹1,64,565",No Ratings
"Frontech 17 inch SVGA Monitor (SQUARE LED Monitor ,VGA INPUT)","₹3,699",4.7
LG 27 inch HD IPS Panel Monitor (27MK600M),"₹17,899",No Ratings
Samsung 23.5 inch Full HD Monitor (LS24F356FHWXXL),"₹9,956",4.6
LG 27 inch 4K Ultra HD IPS Panel Gaming Monitor (27UL500),"₹32,990",No Ratings
BenQ 27 inch Full HD LED Backlit TN Panel Monitor (GL2780),"₹13,990",No Ratings
Acer 27 inch Full HD Monitor (KA270H),"₹12,899",No Ratings
Samsung 28 inch 4K Ultra HD LED Backlit TN Panel Monitor (LU28E590DS/XL),"₹26,745",4.2
BenQ 31.5 inch Full HD LED Backlit VA Panel Monitor (EW3270U),"₹65,000",No Ratings
BenQ 27 inch Quad HD LED Backlit IPS Panel Monitor (PD2700Q),"₹25,990",No Ratings
Angel 40 inch HD LED Backlit IPS Panel Monitor (40 Inch Normal TV + Monitor),"₹19,999",No Ratings
Dell 24 inch Full HD Gaming Monitor (SE2417HGX),"₹13,699",No Ratings
HP 27 inch Full HD LED Backlit IPS Panel Monitor (EliteDisplay 27-inch (68.58 cm) Anti Glare IPS Full ...,"₹20,800",No Ratings
Lenovo 21.5 inch Full HD IPS Panel Monitor (T2224D),"₹9,600",No Ratings
ViewSonic 24 inch Curved Full HD LED Backlit VA Panel Gaming Monitor (VX2458-C-MHD),"₹19,143",No Ratings
VIEWSONIC 23.6 inch Full HD Gaming Monitor (XG2405),"₹18,150",No Ratings
Acer 27 inch Full HD Gaming Monitor (VG270P),"₹17,999",No Ratings
Dell 19 inch Full HD LED Backlit IPS Panel Monitor (P1917S),"₹13,800",4.6
Samsung 24 inch Full HD LED Backlit VA Panel Gaming Monitor (24A310 NHWXXL),"₹9,325",No Ratings
enter 15.4 inch HD Monitor (E-M16A),"₹3,159",3.9
Daewoo 32 inch HD LED Backlit IPS Panel Monitor (EW 32V),"₹12,499",No Ratings
Enter 15.4 inch HD LED Backlit Monitor (E-MO-A06),"₹3,244",No Ratings
Lenovo 21.5 inch Full HD TN Panel Monitor (D22-10),"₹7,300",4.3
Dell 22 inch Full HD LED Backlit IPS Panel Monitor (S2421H),"₹10,999",No Ratings
Acer 18.5 inch HD LED Backlit IPS Panel Monitor (EB192Q),"₹6,300",4.2
Acer 32 inch Curved Full HD Gaming Monitor (ED322QR),"₹19,500",No Ratings
Acer 32 inch Curved Full HD Gaming Monitor (ED322QR),"₹19,500",No Ratings
BenQ 24 inch Full HD LED Backlit TN Panel Monitor (GL2480),"₹9,490",No Ratings
Samsung 31.5 inch 4K Ultra HD Monitor (LU32H850UMUXEN),"₹1,28,577",No Ratings
HP 19.5 inch WXGA+ LED Backlit IPS Panel Monitor (20KD),"₹6,999",4.5
BenQ 24.5 inch Full HD LED Backlit TN Panel Gaming Monitor (XL2546),"₹35,990",No Ratings
zebion 15.6 inch SVGA Monitor (AV1),"₹7,300",4.1
BenQ 24.1 inch WUXGA LED Backlit IPS Panel Monitor (SW240),"₹29,990",No Ratings
Samsung 23.5 inch Full HD AHVA Panel Monitor (LS24F356FHWXXL),"₹9,999",5
AOC 23.6 inch Full HD LED Backlit TN Panel Monitor (e2450Swh),"₹9,599",4.7
Samsung 27 inch Full HD Monitor (LS27R350FHWXXL),"₹16,885",No Ratings
BenQ 27 inch Full HD LED Backlit TN Panel Gaming Monitor (XL2746S),"₹49,990",No Ratings
Samsung 23.97 inch Full HD Gaming Monitor (LS24D300HS/XL),"₹9,590",No Ratings
LG 27 inch 4K Ultra HD LED Backlit IPS Panel Monitor (27UK650-W),"₹32,450",4
LG 19.5 inch HD LED Backlit TN Panel Monitor (20M39H),"₹6,385",4
HP 24 inch Full HD Monitor (Micro-Edge Full HD IPS Display with VGA (Black)),"₹45,999",No Ratings
Acer 28 inch 4K Ultra HD Gaming Monitor (KG241K),"₹24,200",No Ratings
Samsung 27 inch Full HD LED Backlit TN Panel Monitor (S27E450D),"₹40,999",No Ratings
HP 21.5 inch Full HD LED Backlit IPS Panel Monitor (22w),"₹8,040",4.5
Acer 27 inch Curved Full HD Gaming Monitor (ED273 WMIDX),"₹15,299",No Ratings
Atomos 5 inch Full HD IPS Panel Gaming Monitor (Ninja V),"₹61,999",No Ratings
Acer 27 inch HD Monitor (S271HL),"₹14,999",5
Dell 27 inch Full HD LED Backlit IPS Panel Monitor (P2719H),"₹19,500",4.3
Samsung 32 inch Full HD Monitor (DC32E),"₹22,990",No Ratings
HP 23 inch HD+ Gaming Monitor (E233),"₹28,600",No Ratings
Enter 17.3 inch HD LED Backlit Monitor (EN-E-MO-A04),"₹3,599",3.7
Zebronics 27 inch Full HD Monitor (Zeb-A27FHD LED),"₹18,999",No Ratings
Samsung 20 inch HD Monitor (EX2020X),"₹54,502",No Ratings
HP 23.8 inch HD+ Gaming Monitor (1FH47A7-01),"₹16,999",No Ratings
Samsung 24 inch HD LED Backlit Monitor (T24B350ND),"₹84,955",No Ratings
Dell 21.5 inch HD VA Panel Monitor (P2217H),"₹21,230",4.6
Samsung 23.6 inch Full HD Monitor (S24C570HL),"₹84,955",No Ratings
LG 21.5 inch Full HD LED Backlit TN Panel Monitor (22MK400H),"₹8,200",3.6
Samsung 20 inch HD Monitor (LS20A300BS/ZA),"₹42,732",No Ratings
Acer 31.5 inch Curved Full HD LED Backlit VA Panel Gaming Monitor (ED320QR),"₹16,299",No Ratings
Samsung 24 inch Curved Full HD LED Backlit VA Panel Gaming Monitor (LC24FG70FQWXXL),"₹25,099",4.5
Samsung 32 inch HD Monitor (DB32E),"₹72,335",No Ratings
Samsung 28 inch 4K Ultra HD TN Panel Monitor (LU28E85KRS/GO),"₹65,999",No Ratings
Samsung 23.6 inch HD LED Backlit TN Panel Monitor (S24C200BL),"₹77,122",No Ratings
Samsung 23.6 inch Full HD TN Panel Monitor (S24B150BL),"₹35,999",No Ratings
consistent 20 inch Full HD Monitor (CTM 2001),"₹4,225",3.8
lg 29 inch Full HD Gaming Monitor (29 inch UXGA LED Backlit IPS Panel Monitor),"₹24,495",No Ratings
"LG 29 inch Quad HD LED Backlit IPS Panel Gaming Monitor (29 inch 21:9 Ultrawide Full HD IPS Gaming, Mu...","₹17,999",No Ratings
Dell 23.8 inch HD LED Backlit IPS Panel Monitor (P2419H),"₹13,990",No Ratings
LG 24 inch HD Monitor (24mn47a),"₹12,500",2.6
Acer 27 inch Full HD LED Backlit IPS Panel Gaming Monitor (XV270P),"₹16,999",3.7
VIEWSONIC 22 inch Full HD Monitor (VA2256-h),"₹9,998",No Ratings
LG 18.5 inch HD LED Backlit TN Panel Monitor (19M38HB-B.BTRS),"₹6,200",4.2
Acer 27 inch 4K Ultra HD Monitor (HDR Xpert Delta E 1 Monitor),"₹47,999",No Ratings
Dell 24 inch Full HD LED Backlit IPS Panel Monitor (S2419H),"₹15,199",4
enter 15.4 inch SVGA Monitor (e-m16b),"₹3,190",3.7
Acer 27 inch WQHD LED Backlit IPS Panel Monitor (B276HUL Cymiippprzx),"₹26,999",No Ratings
ZEBSTER 46.9 inch Full HD Monitor (L22e-20ZEBSTERHDMILEDMONITOR46.9C.M),"₹4,499",No Ratings
Samsung 23.6 inch HD Monitor (D300 CBD LS24D300HLR LED-Lit),"₹8,999",3.6
ViewSonic 27 inch Full HD LED Backlit IPS Panel Monitor (VA2718-SH),"₹12,299",No Ratings
ViewSonic 27 inch Full HD LED Backlit IPS Panel Gaming Monitor (VX2781-MH),"₹14,999",No Ratings
LG 21.5 inch Full HD LED Backlit TN Panel Monitor (22M38D-B.ATR),"₹7,048",3.8
Samsung 23.5 inch Full HD LED Backlit IPS Panel Monitor (S24F352FHN),"₹9,690",4.1
Samsung 24 inch HD LED Backlit Monitor (LS24R39MHAWXXL),"₹10,990",No Ratings
"Zebronics 19 inch HD Monitor (ZEBSTER 19"" LED Monitor with HDMI- ZEB-V19HD (HDMI+VGA))","₹4,149",2.8
Samsung 26.5 inch LED Backlit IPS Panel Monitor (LS27F350FHWXXL),"₹13,775",4
ViewPaker 15.6 inch Full HD Gaming Monitor (TOUCH MONITOR),"₹6,950",No Ratings
ViewPaker 15.6 inch HD LED Backlit TN Panel Gaming Monitor (E161MNT-T),"₹6,999",No Ratings
LG 21.5 inch Full HD LED Backlit TN Panel Monitor (22MK400A),"₹6,999",3.5
Samsung 10 inch HD Monitor (DB10E-T),"₹91,027",No Ratings
Zebronics 15.6 inch Full HD LED Backlit TN Panel Monitor (ZEB-A16FHD LED),"₹3,500",4
Samsung 43 inch Full HD Monitor (DB43J),"₹1,23,576",No Ratings
Samsung 27 inch HD Monitor (S27C230B),"₹1,63,277",No Ratings
HP 23.8 inch HD+ Gaming Monitor (B07D2Q3JX4),"₹35,530",No Ratings
Samsung 28 inch Full HD TN Panel Monitor (LU28E590DS/XL),"₹46,667",4.7
Samsung 23.6 inch HD Monitor (LS24E390HL),"₹63,070",No Ratings
Samsung 22 inch Full HD TN Panel Monitor (S22E450BW),"₹38,547",No Ratings
Samsung 23.6 inch Full HD Monitor (LT24E310ND),"₹39,802",No Ratings
Atomos 5.2 inch Full HD Monitor (Shinobi HDMI),"₹29,999",No Ratings
Frontech 15 inch HD Monitor (JIL-1987),"₹3,199",No Ratings
Samsung 46 inch Monitor (SyncMaster 460MX-3),"₹55,000",1
Samsung 32 inch WQHD Monitor (S32D850T),"₹74,664",No Ratings
Asus 27 inch Full HD LED Backlit TN Panel Gaming Monitor (VG278QR),"₹25,849",3.4
Lenovo 23.8 inch Full HD IPS Panel Monitor (T24m-10),"₹16,390",3.3
"Lapcare 15.4 inch HD Monitor (15.4"" Slim 720p HD LED Backlit Computer Monitor (VGA + HDMI))","₹3,325",3.5
Lenovo 21.5 inch Full HD LED Backlit VA Panel Monitor (S22e-19),"₹8,900",4.4
Frontech 15.4 inch Full HD Monitor (FT-1978),"₹4,700",No Ratings
Dell 23 inch Full HD Monitor (S2319H),"₹12,649",2.8
LG 21.5 inch Full HD LED Backlit TN Panel Monitor (22MK400A-B),"₹7,990",No Ratings
AOC 18.5 inch HD LED Backlit TN Panel Monitor (E970SWHEN),"₹5,999",4.3
ViewSonic 23.8 inch Full HD LED Backlit IPS Panel Gaming Monitor (VX2481-MH),"₹11,099",No Ratings
zebion 15.6 inch SVGA Monitor (ENLIVEN SPLAY 15.6 inch SVGA Monitor (AV1)),"₹4,999",2.7
LAPCARE 15.1 inch HD LED Backlit Monitor (LKCD6C7084),"₹4,099",2.8
Frontech 17.1 inch Full HD Monitor (JIL -1985),"₹4,600",No Ratings
Lapcare 18.5 inch HD LED Backlit Monitor (LM18WDH),"₹4,400",No Ratings
Dell 18.5 inch HD LED Backlit TN Panel Monitor (D1918H),"₹5,700",4.3
Sceptre  24.5 inch Full HD Gaming Monitor (Gaming LED Monitor ),"₹32,623",No Ratings
Lenovo 27 inch Full HD Monitor (27-inch Ultra-Slim Full HD),"₹20,000",No Ratings
